ID_usuario,nombre,mail,password,username
135,Ximelez,ximelez@gmail.com,IUxIUoVM,ximelez1965
28,Alexandra Lambert,alambert@icloud.com,YIJMpBq3,alambert1984
91,Travis Meyers,tmeyers@yahoo.it,rnFwF4aL,tmeyers1960
9,Jeffrey Aguirre,jaguirre@yahoo.it,dL1lawrd,jaguirre1971
38,Amy Allen,aallen@yahoo.es,JOiUve4K,aallen1997
97,Jennifer Mclaughlin,jmclaughlin@yahoo.it,ewdv9IPt,jmclaughlin2001
82,Donald West,dwest@hotmail.com,h49f9vtW,dwest1975
130,Eric Taylor,etaylor@yahoo.it,NZQdoyvw,etaylor1969
107,Sierra Garrett,sgarrett@hotmail.com,aJ1i7pVt,sgarrett1983
113,Mr. Terry Ward,mterry@yahoo.com,4QaoW1b6,mterry1965
92,Kristopher Poole,kpoole@hotmail.com,nlHJ64kw,kpoole1969
64,Michelle Weber,mweber@yahoo.it,TV912g59,mweber1962
150,Jared Pratt,jpratt@yahoo.it,kcQDLiw5,jpratt1973
146,John Wade,jwade@icloud.com,ENjqJ0g3,jwade1981
84,David Kennedy,dkennedy@icloud.com,1cEgUKPh,dkennedy1960
115,Alexa York,ayork@icloud.com,VRlki1jC,ayork1984
142,Matthew Whitney,mwhitney@hotmail.com,qVYt81JH,mwhitney1991
23,Donna Johnson,djohnson@yahoo.es,oxf4uFom,djohnson1984
104,Danielle Middleton,dmiddleton@gmail.com,mukaT7rx,dmiddleton1994
101,Dawn Peters,dpeters@icloud.com,wSmv55zq,dpeters1968
147,Barbara Sanchez,bsanchez@yahoo.com,zeW5Pha5,bsanchez1994
125,Gregory Berry,gberry@yahoo.it,rDUQSQVX,gberry1982
133,Brian Rios,brios@icloud.com,ow8NkWYm,brios1983
89,Amanda Smith,asmith@gmail.com,2HpVCr81,asmith1989
47,Jeffrey Brown,jbrown@gmail.com,rUES9Men,jbrown1968
116,Mr. Brent Barajas,mbrent@hotmail.com,SltGL55J,mbrent1977
121,Dean Warner,dwarner@icloud.com,Mz5QOECs,dwarner1963
94,Cynthia Simmons,csimmons@yahoo.it,t6sHW9dD,csimmons1972
88,Courtney Barr,cbarr@gmail.com,Wwm7b2qs,cbarr1993
117,Sharon Vaughan,svaughan@gmail.com,OBgdy9ZL,svaughan1970
41,Sandra Ballard,sballard@hotmail.com,0cKXBQgM,sballard2001
98,David Cline,dcline@yahoo.es,qn4RRRHk,dcline1963
32,Mitchell Taylor,mtaylor@gmail.com,VP7qD9CW,mtaylor1996
22,Daniel Bentley,dbentley@yahoo.it,dVk9wNFx,dbentley1972
80,Nicholas Snyder,nsnyder@hotmail.com,38mdWYSX,nsnyder1960
99,Allen Hicks,ahicks@yahoo.es,Lx88NX4L,ahicks1988
81,Holly Scott,hscott@gmail.com,fvaf0jVO,hscott1985
149,Amanda Robertson,arobertson@yahoo.it,eXCXIleM,arobertson1963
79,Michael Stewart,mstewart@hotmail.com,gnBKK1zl,mstewart1996
137,Alexander Webb,awebb@yahoo.es,5e7AnmrQ,awebb1962
108,Laura Mcdaniel,lmcdaniel@icloud.com,suykYALE,lmcdaniel1995
46,Sherri Smith,ssmith@hotmail.com,nwS2invN,ssmith1991
100,Jason Stone,jstone@yahoo.com,OxmLgzvq,jstone1973
134,Joseph Harrison,jharrison@yahoo.es,ZCtisRw5,jharrison1997
69,Jonathan Kennedy,jkennedy@hotmail.com,Nvxb8bUc,jkennedy1987
126,Matthew Hammond,mhammond@icloud.com,OVyLrJKy,mhammond1980
138,Kevin Jackson,kjackson@yahoo.es,aOqas1F7,kjackson1963
30,Courtney Zuniga,czuniga@yahoo.es,WD76B8dh,czuniga1995
111,Ryan Merritt,rmerritt@icloud.com,5lqZRmWV,rmerritt1967
140,Katherine Smith,ksmith@icloud.com,HP8EuHQ2,ksmith2000
83,Peter Barber,pbarber@icloud.com,5gtKhoFM,pbarber1971
144,Michael Pugh,mpugh@icloud.com,idyJuY0H,mpugh1999
122,Caroline Wilson,cwilson@gmail.com,2V1fvJAB,cwilson1965
78,Kimberly Williams,kwilliams@gmail.com,QR867UAL,kwilliams1970
44,Heidi Hood,hhood@hotmail.com,wfhYEQHK,hhood1985
120,Amanda Sandoval,asandoval@yahoo.es,Mnv5OmqE,asandoval1990
86,Annette Randolph,arandolph@yahoo.com,lYKgY0ln,arandolph1981
143,Sharon Weber,sweber@gmail.com,1KvE1GH9,sweber1966
93,Joanna Brewer,jbrewer@gmail.com,InlgLdUD,jbrewer1984
77,Anthony Clark,aclark@yahoo.it,PsFGHSvv,aclark1972
54,Kyle Mckenzie,kmckenzie@yahoo.it,8unHco8S,kmckenzie1982
129,Richard Cummings,rcummings@gmail.com,b8plrpfa,rcummings1976
96,Mrs. Paula Monroe DDS,mpaula@icloud.com,QLSkaoC4,mpaula1990
36,Leslie Moore,lmoore@yahoo.com,uLZ8p2nf,lmoore1966
139,Jason Williams,jwilliams@yahoo.it,vmDmX83Y,jwilliams1974
105,Charles Gordon,cgordon@gmail.com,kc8gQfxD,cgordon1977
10,Antonio Shaw,ashaw@icloud.com,qSOfdTgQ,ashaw1989
87,Melissa Rodriguez,mrodriguez@yahoo.com,mVqchhZq,mrodriguez1969
148,Mario Shepard,mshepard@hotmail.com,3vVZGIhO,mshepard1995
102,Benjamin Miller,bmiller@yahoo.it,RRMlowlh,bmiller1969
110,Craig Smith,csmith@hotmail.com,tzxSkUzQ,csmith1994
19,Bradley Patel,bpatel@icloud.com,4oeUETEP,bpatel1980
131,Sandra White,swhite@yahoo.it,AlTbt6GM,swhite1976
145,Thomas Ashley,tashley@icloud.com,0ZhZO33t,tashley1984
141,Jessica Taylor,jtaylor@yahoo.com,5f3ioZ9I,jtaylor1997
35,Dwayne Roberts,droberts@yahoo.it,MCaZ9dwb,droberts1966
85,Alyssa Bryant,abryant@hotmail.com,TvuOp8nt,abryant1990
127,Paul Davis,pdavis@gmail.com,vFjUO6Rc,pdavis2001
124,Jennifer Wilson,jwilson@yahoo.it,gvkCBAv2,jwilson1979
76,Richard Doyle,rdoyle@gmail.com,6YnIZbGu,rdoyle1985
128,Melinda Hess,mhess@yahoo.com,dkoUQ5wV,mhess1971
136,Aaron Greene,agreene@yahoo.es,COO4xT9X,agreene1968
27,Teresa Chavez,tchavez@hotmail.com,IpPsGbm0,tchavez1983
40,Jasmine Oconnor,joconnor@hotmail.com,eUsJ0bIE,joconnor1986
74,Wendy Smith,wsmith@yahoo.it,yiEbsYQQ,wsmith2001
112,Jennifer Hopkins,jhopkins@yahoo.es,zLaETntd,jhopkins1985
106,Charles Tucker,ctucker@yahoo.es,wCnJiML8,ctucker1961
95,Minanda,minanda@hotmail.com,IUxIUoVM,minanda1972
45,Timothy Bryant,tbryant@hotmail.com,NfUPGTeB,tbryant1985
12,Steven Sullivan,ssullivan@yahoo.com,oSCRZPnt,ssullivan1988
11,Michael Marshall,mmarshall@yahoo.es,JAteLxYq,mmarshall1982
123,Jack Bryant,jbryant@yahoo.com,EyjXHUYs,jbryant1971
118,Steven Stephenson,sstephenson@yahoo.es,yqP3SOFT,sstephenson2001
132,Kayla Schmidt,kschmidt@yahoo.it,LDDxFcrU,kschmidt1998
103,Nicholas Carter,ncarter@icloud.com,5w9UIytL,ncarter1964
109,Jeff Fischer,jfischer@yahoo.com,wjQQsWFm,jfischer1960
13,John Wade,jwade@gmail.com,Uua8Ljit,jwade1974
119,Sheena Harrison,sharrison@yahoo.es,dqJ3UlcF,sharrison2000
90,James James,jjames@hotmail.com,nWcB06pO,jjames1966
114,Carol Welch,cwelch@gmail.com,sbeW0wlo,cwelch1963
