id,nombre,mail,password,username
87,Melissa Rodriguez,mrodriguez@yahoo.com,mVqchhZq,mrodriguez1969
134,Joseph Harrison,jharrison@yahoo.es,ZCtisRw5,jharrison1997
38,Amy Allen,aallen@yahoo.es,JOiUve4K,aallen1997
48,Alan Burton,aburton@yahoo.com,fBqBdTWB,aburton1966
66,Christopher Blake,cblake@icloud.com,kI2Lt7sy,cblake1972
64,Michelle Weber,mweber@yahoo.it,TV912g59,mweber1962
10,Antonio Shaw,ashaw@icloud.com,qSOfdTgQ,ashaw1989
40,Jasmine Oconnor,joconnor@hotmail.com,eUsJ0bIE,joconnor1986
51,Lisa Roberson,lroberson@yahoo.it,E6Xlwkm1,lroberson2000
35,Dwayne Roberts,droberts@yahoo.it,MCaZ9dwb,droberts1966
26,Connor Taylor,ctaylor@yahoo.es,jZym8OpP,ctaylor1976
108,Laura Mcdaniel,lmcdaniel@icloud.com,suykYALE,lmcdaniel1995
36,Leslie Moore,lmoore@yahoo.com,uLZ8p2nf,lmoore1966
54,Kyle Mckenzie,kmckenzie@yahoo.it,8unHco8S,kmckenzie1982
68,Mark Davis,mdavis@yahoo.com,9M4fwJlN,mdavis1995
39,Elizabeth Bauer,ebauer@yahoo.es,s13eb5lU,ebauer1975
41,Sandra Ballard,sballard@hotmail.com,0cKXBQgM,sballard2001
115,Alexa York,ayork@icloud.com,VRlki1jC,ayork1984
29,Sharon White,swhite@yahoo.com,DthqMR5Y,swhite1967
73,Donna Wright,dwright@yahoo.it,mWrcsNKn,dwright1980
34,Matthew Ferguson,mferguson@hotmail.com,Tczoa91V,mferguson2001
75,Frank Mendez,fmendez@yahoo.es,lAV6xmZm,fmendez1982
74,Wendy Smith,wsmith@yahoo.it,yiEbsYQQ,wsmith2001
67,Amy Ramirez,aramirez@gmail.com,klagg55L,aramirez1978
133,Brian Rios,brios@icloud.com,ow8NkWYm,brios1983
49,Heather Salazar,hsalazar@icloud.com,j3Q6lYnG,hsalazar1960
17,Ivarov,ivarov@hotmail.com,IUxIUoVM,ivarov1965
22,Daniel Bentley,dbentley@yahoo.it,dVk9wNFx,dbentley1972
122,Caroline Wilson,cwilson@gmail.com,2V1fvJAB,cwilson1965
72,Brittany Bailey,bbailey@yahoo.com,1kZNBTUC,bbailey1996
57,Sabrina Yates,syates@yahoo.it,69lm9Opq,syates1970
56,Christian Lawrence,clawrence@gmail.com,7tDEYyzW,clawrence1966
97,Jennifer Mclaughlin,jmclaughlin@yahoo.it,ewdv9IPt,jmclaughlin2001
82,Donald West,dwest@hotmail.com,h49f9vtW,dwest1975
6,Janet Larson,jlarson@yahoo.es,ZWln3gsP,jlarson1989
146,John Wade,jwade@icloud.com,ENjqJ0g3,jwade1981
71,William Lee,wlee@gmail.com,oEm1Kamn,wlee1995
105,Charles Gordon,cgordon@gmail.com,kc8gQfxD,cgordon1977
63,Tonya Wilson,twilson@yahoo.it,W2KAlalS,twilson1999
33,Castolo,castolo@gmail.com,IUxIUoVM,castolo1999
4,Lawrence Lowe,llowe@yahoo.com,TYhtqhqs,llowe1987
90,James James,jjames@hotmail.com,nWcB06pO,jjames1966
106,Charles Tucker,ctucker@yahoo.es,wCnJiML8,ctucker1961
95,Minanda,minanda@hotmail.com,IUxIUoVM,minanda1972
9,Jeffrey Aguirre,jaguirre@yahoo.it,dL1lawrd,jaguirre1971
59,Alyssa Anderson,aanderson@hotmail.com,Sf9pSb3z,aanderson2001
61,Christopher Owens,cowens@yahoo.es,h9gfXxDG,cowens1996
52,Karen Roberts,kroberts@yahoo.com,szfHeoqk,kroberts1991
28,Alexandra Lambert,alambert@icloud.com,YIJMpBq3,alambert1984
119,Sheena Harrison,sharrison@yahoo.es,dqJ3UlcF,sharrison2000
20,Andrew Hardin,ahardin@yahoo.com,ppJdCeFu,ahardin1981
132,Kayla Schmidt,kschmidt@yahoo.it,LDDxFcrU,kschmidt1998
77,Anthony Clark,aclark@yahoo.it,PsFGHSvv,aclark1972
102,Benjamin Miller,bmiller@yahoo.it,RRMlowlh,bmiller1969
21,Ryan Martin,rmartin@yahoo.it,2zsdEc1r,rmartin1967
50,Christopher Gonzales,cgonzales@icloud.com,SzpJw4yz,cgonzales1988
130,Eric Taylor,etaylor@yahoo.it,NZQdoyvw,etaylor1969
23,Donna Johnson,djohnson@yahoo.es,oxf4uFom,djohnson1984
27,Teresa Chavez,tchavez@hotmail.com,IpPsGbm0,tchavez1983
19,Bradley Patel,bpatel@icloud.com,4oeUETEP,bpatel1980
16,Nicole Vaughan,nvaughan@yahoo.com,SLUiCqtJ,nvaughan1974
18,Eric Smith,esmith@gmail.com,wDVCL6t3,esmith1962
46,Sherri Smith,ssmith@hotmail.com,nwS2invN,ssmith1991
15,Tara Gibbs,tgibbs@yahoo.it,Cz1g9YVj,tgibbs1996
30,Courtney Zuniga,czuniga@yahoo.es,WD76B8dh,czuniga1995
123,Jack Bryant,jbryant@yahoo.com,EyjXHUYs,jbryant1971
25,Sean Mahoney,smahoney@gmail.com,6ouoSPpl,smahoney1982
45,Timothy Bryant,tbryant@hotmail.com,NfUPGTeB,tbryant1985
62,Bryce Harris,bharris@yahoo.it,7miPf6j5,bharris1971
1,Elizabeth Miller,emiller@gmail.com,oCcUFjmL,emiller1965
65,James Mills,jmills@yahoo.it,ff9qd0lJ,jmills1975
37,Jessica Rich,jrich@yahoo.com,41Yw1Fjv,jrich1992
14,Barbara Jordan,bjordan@icloud.com,ZKzV0qA0,bjordan1960
69,Jonathan Kennedy,jkennedy@hotmail.com,Nvxb8bUc,jkennedy1987
12,Steven Sullivan,ssullivan@yahoo.com,oSCRZPnt,ssullivan1988
7,Richard Anderson,randerson@gmail.com,VnWlMevi,randerson1979
8,Jordan Padilla,jpadilla@hotmail.com,zmFAxjyR,jpadilla1998
3,Sharon Garcia,sgarcia@yahoo.com,6Jb2Rmc6,sgarcia1969
32,Mitchell Taylor,mtaylor@gmail.com,VP7qD9CW,mtaylor1996
53,Christopher Miller,cmiller@gmail.com,zrrMHrV6,cmiller1997
55,Casey Massey,cmassey@icloud.com,OiwR1Ihv,cmassey1964
80,Nicholas Snyder,nsnyder@hotmail.com,38mdWYSX,nsnyder1960
42,Jason Wong,jwong@hotmail.com,CrXt30DD,jwong1990
11,Michael Marshall,mmarshall@yahoo.es,JAteLxYq,mmarshall1982
2,Michelle Williams,mwilliams@gmail.com,W9Sxt1sQ,mwilliams1985
5,Allison West,awest@gmail.com,0os2ByK9,awest1969
13,John Wade,jwade@gmail.com,Uua8Ljit,jwade1974
24,Amy Hodges,ahodges@hotmail.com,74hoyHJw,ahodges1994
92,Kristopher Poole,kpoole@hotmail.com,nlHJ64kw,kpoole1969
141,Jessica Taylor,jtaylor@yahoo.com,5f3ioZ9I,jtaylor1997
44,Heidi Hood,hhood@hotmail.com,wfhYEQHK,hhood1985
47,Jeffrey Brown,jbrown@gmail.com,rUES9Men,jbrown1968
76,Richard Doyle,rdoyle@gmail.com,6YnIZbGu,rdoyle1985
142,Matthew Whitney,mwhitney@hotmail.com,qVYt81JH,mwhitney1991
60,Brandi Garcia,bgarcia@yahoo.it,ob1WSGz2,bgarcia1967
58,Laura Wagner,lwagner@yahoo.it,9VbX2Dl9,lwagner1960
31,Janice Gould,jgould@yahoo.com,oP9BYtZy,jgould2000
43,Dennis Patterson PhD,dpatterson@yahoo.com,qdU6z9YI,dpatterson1992
93,Joanna Brewer,jbrewer@gmail.com,InlgLdUD,jbrewer1984
70,Jason Brown,jbrown@icloud.com,wwa12glM,jbrown1985
